{
	"partitions" : [
		{
			"name" : "Top",
			"pins" : [
				{
					"name" : "Hex0[0]",
					"strict" : false
				},
				{
					"name" : "Hex0[1]",
					"strict" : false
				},
				{
					"name" : "Hex0[2]",
					"strict" : false
				},
				{
					"name" : "Hex0[3]",
					"strict" : false
				},
				{
					"name" : "Hex0[4]",
					"strict" : false
				},
				{
					"name" : "Hex0[5]",
					"strict" : false
				},
				{
					"name" : "Hex0[6]",
					"strict" : false
				},
				{
					"name" : "Hex1[0]",
					"strict" : false
				},
				{
					"name" : "Hex1[1]",
					"strict" : false
				},
				{
					"name" : "Hex1[2]",
					"strict" : false
				},
				{
					"name" : "Hex1[3]",
					"strict" : false
				},
				{
					"name" : "Hex1[4]",
					"strict" : false
				},
				{
					"name" : "Hex1[5]",
					"strict" : false
				},
				{
					"name" : "Hex1[6]",
					"strict" : false
				},
				{
					"name" : "Hex2[0]",
					"strict" : false
				},
				{
					"name" : "Hex2[1]",
					"strict" : false
				},
				{
					"name" : "Hex2[2]",
					"strict" : false
				},
				{
					"name" : "Hex2[3]",
					"strict" : false
				},
				{
					"name" : "Hex2[4]",
					"strict" : false
				},
				{
					"name" : "Hex2[5]",
					"strict" : false
				},
				{
					"name" : "Hex2[6]",
					"strict" : false
				},
				{
					"name" : "LED_display[0]",
					"strict" : false
				},
				{
					"name" : "LED_display[1]",
					"strict" : false
				},
				{
					"name" : "LED_display[2]",
					"strict" : false
				},
				{
					"name" : "LED_display[3]",
					"strict" : false
				},
				{
					"name" : "clk",
					"strict" : false
				},
				{
					"name" : "reset",
					"strict" : false
				},
				{
					"name" : "Execute_btn",
					"strict" : false
				},
				{
					"name" : "Intput[0]",
					"strict" : false
				},
				{
					"name" : "Intput[1]",
					"strict" : false
				},
				{
					"name" : "Intput[2]",
					"strict" : false
				},
				{
					"name" : "Intput[3]",
					"strict" : false
				},
				{
					"name" : "Intput[4]",
					"strict" : false
				},
				{
					"name" : "Intput[5]",
					"strict" : false
				},
				{
					"name" : "Intput[6]",
					"strict" : false
				},
				{
					"name" : "Intput[7]",
					"strict" : false
				}
			]
		}
	]
}