{
	"partitions" : [
		{
			"name" : "Top",
			"pins" : [
				{
					"name" : "out_put[0]",
					"strict" : false
				},
				{
					"name" : "out_put[1]",
					"strict" : false
				},
				{
					"name" : "out_put[2]",
					"strict" : false
				},
				{
					"name" : "out_put[3]",
					"strict" : false
				},
				{
					"name" : "out_put[4]",
					"strict" : false
				},
				{
					"name" : "out_put[5]",
					"strict" : false
				},
				{
					"name" : "out_put[6]",
					"strict" : false
				},
				{
					"name" : "clk",
					"strict" : false
				},
				{
					"name" : "reset",
					"strict" : false
				},
				{
					"name" : "B[0]",
					"strict" : false
				},
				{
					"name" : "B[1]",
					"strict" : false
				},
				{
					"name" : "B[2]",
					"strict" : false
				},
				{
					"name" : "B[3]",
					"strict" : false
				}
			]
		}
	]
}